<?xml version="1.0" encoding="UTF-8"?>

<!DOCTYPE plugins SYSTEM 'com.cosylab.vdct:plugins'>

<plugins>
  <plugin class="com.cosylab.vdct.plugins.DebugSimulator" autostart="true">
    <param name="max" value="100" />
    <param name="interval" value="1000" />
    <param name="min" value="0" />
    <param name="source" value="Oracle" />
    <param name="lastrun" value="Sun Dec 09 19:46:13 GMT+01:00 2001" />
  </plugin>
  <plugin class="com.cosylab.vdct.plugins.DebugSimulator" autostart="true">
    <param name="max" value="200" />
    <param name="interval" value="1000" />
    <param name="min" value="100" />
    <param name="source" value="EPICS" />
    <param name="lastrun" value="Sun Dec 09 19:46:13 GMT+01:00 2001" />
  </plugin>
  <plugin class="com.cosylab.vdct.plugins.ExportSimulator" autostart="true" />
</plugins>

